Accuracy_dawidskene_mean,Accuracy_dawidskene_sd,Accuracy_raykar_mean,Accuracy_raykar_sd,Accuracy_rodrigues_mean,Accuracy_rodrigues_sd
0.6890196078431372,0.06124276888976159,0.6952941176470587,0.035917748555769916,0.7031372549019607,0.042297846280664735
