Accuracy_dawidskene_mean,Accuracy_dawidskene_sd,Accuracy_raykar_mean,Accuracy_raykar_sd,Accuracy_rodrigues_mean,Accuracy_rodrigues_sd
0.5984615384615385,0.10993405714637183,0.5646153846153846,0.11431740896095795,0.6415384615384615,0.06793662204867569
