accuracy,StandardDeviation
0.573846153846154,0.092216071746845
