accuracy,StandardDeviation
0.565384615384615,0.0704711831779157
