"ACC","sensitivity","sd_sen","NPV","sd_NPV","specificity","sd_spec","precision","sd_prec"
0.676153846153846,0.894736842105263,0.0629067689123365,0.743587301587302,0.124498039865981,0.76,0.136719463056688,0.912909968772198,0.0458328694867646
